gun,tier,level,ttk,pct
bow,1,1-1,4.350,92.9
bow,2,1-1,3.672,96.3
bow,3,1-1,3.178,91.8
bow,4,1-1,2.717,99.0
bow,2,1-2,3.772,0.0
bow,2,1-3,3.822,0.0
long,1,1-1,4.306,91.9
long,2,1-1,3.867,101.4
long,3,1-1,3.250,93.9
long,4,1-1,2.683,97.8
long,2,1-2,4.228,0.0
long,2,1-3,4.283,0.0
smg,1,1-1,4.972,106.1
smg,2,1-1,4.172,109.5
smg,3,1-1,3.206,92.6
smg,4,1-1,2.722,99.2
smg,2,1-2,4.344,0.0
smg,2,1-3,4.461,0.0
shot,1,1-1,5.333,113.8
shot,2,1-1,4.322,113.4
shot,3,1-1,3.761,108.7
shot,4,1-1,2.794,101.8
shot,2,1-2,4.294,0.0
shot,2,1-3,4.278,0.0
gerald,1,1-1,4.756,101.5
gerald,2,1-1,4.111,107.8
gerald,3,1-1,3.578,103.4
gerald,4,1-1,2.806,102.2
gerald,2,1-2,4.133,0.0
gerald,2,1-3,4.300,0.0
log,1,1-1,4.278,91.3
log,2,1-1,3.794,99.5
log,3,1-1,3.711,107.2
log,4,1-1,2.961,107.9
log,2,1-2,4.011,0.0
log,2,1-3,4.056,0.0
rocket,1,1-1,4.406,94.0
rocket,2,1-1,3.550,93.1
rocket,3,1-1,3.200,92.5
rocket,4,1-1,2.628,95.7
rocket,2,1-2,3.661,0.0
rocket,2,1-3,3.833,0.0
flame,1,1-1,5.000,106.7
flame,2,1-1,3.572,93.7
flame,3,1-1,3.567,103.1
flame,4,1-1,3.122,113.7
flame,2,1-2,3.856,0.0
flame,2,1-3,4.144,0.0
party,1,1-1,4.556,97.2
party,2,1-1,3.778,99.1
party,3,1-1,3.561,102.9
party,4,1-1,2.628,95.7
party,2,1-2,3.861,0.0
party,2,1-3,4.461,0.0
sap,1,1-1,4.511,96.3
sap,2,1-1,3.350,87.9
sap,3,1-1,3.900,112.7
sap,4,1-1,2.711,98.8
sap,2,1-2,3.478,0.0
sap,2,1-3,4.183,0.0
beam,1,1-1,4.389,93.7
beam,2,1-1,3.444,90.4
beam,3,1-1,3.267,94.4
beam,4,1-1,2.733,99.6
beam,2,1-2,3.333,0.0
beam,2,1-3,3.228,0.0
storm,1,1-1,5.072,108.3
storm,2,1-1,4.022,105.5
storm,3,1-1,3.483,100.7
storm,4,1-1,2.894,105.5
storm,2,1-2,4.089,0.0
storm,2,1-3,4.850,0.0
frost,1,1-1,4.933,105.3
frost,2,1-1,3.972,104.2
frost,3,1-1,3.272,94.6
frost,4,1-1,2.433,88.7
frost,2,1-2,3.933,0.0
frost,2,1-3,4.056,0.0
rail,1,1-1,4.728,100.9
rail,2,1-1,3.739,98.1
rail,3,1-1,3.517,101.6
rail,4,1-1,2.594,94.5
rail,2,1-2,4.500,0.0
rail,2,1-3,4.328,0.0
